[{"model": "admin.logentry", "pk": 1, "fields": {"action_time": "2021-09-10T10:44:11.706Z", "user": 1, "content_type": 6, "object_id": "1", "object_repr": "Shirts", "action_flag": 1, "change_message": "[{\"added\": {}}]"}}, {"model": "admin.logentry", "pk": 2, "fields": {"action_time": "2021-09-10T10:50:38.310Z", "user": 1, "content_type": 6, "object_id": "2", "object_repr": "T shirts", "action_flag": 1, "change_message": "[{\"added\": {}}]"}}, {"model": "admin.logentry", "pk": 3, "fields": {"action_time": "2021-09-10T10:51:12.337Z", "user": 1, "content_type": 6, "object_id": "3", "object_repr": "Shoes", "action_flag": 1, "change_message": "[{\"added\": {}}]"}}, {"model": "admin.logentry", "pk": 4, "fields": {"action_time": "2021-09-10T10:51:44.583Z", "user": 1, "content_type": 6, "object_id": "4", "object_repr": "Jackets", "action_flag": 1, "change_message": "[{\"added\": {}}]"}}, {"model": "admin.logentry", "pk": 5, "fields": {"action_time": "2021-09-10T10:52:22.116Z", "user": 1, "content_type": 6, "object_id": "5", "object_repr": "Jeans", "action_flag": 1, "change_message": "[{\"added\": {}}]"}}, {"model": "admin.logentry", "pk": 6, "fields": {"action_time": "2021-09-10T12:38:50.172Z", "user": 1, "content_type": 8, "object_id": "1", "object_repr": "ATX Jeans", "action_flag": 1, "change_message": "[{\"added\": {}}]"}}, {"model": "admin.logentry", "pk": 7, "fields": {"action_time": "2021-09-10T12:40:08.622Z", "user": 1, "content_type": 8, "object_id": "2", "object_repr": "RXN Blue Shirt", "action_flag": 1, "change_message": "[{\"added\": {}}]"}}, {"model": "admin.logentry", "pk": 8, "fields": {"action_time": "2021-09-10T12:41:01.272Z", "user": 1, "content_type": 8, "object_id": "3", "object_repr": "Great Tshirt", "action_flag": 1, "change_message": "[{\"added\": {}}]"}}, {"model": "admin.logentry", "pk": 9, "fields": {"action_time": "2021-09-10T12:42:02.477Z", "user": 1, "content_type": 8, "object_id": "4", "object_repr": "Jordan Basketball shoes", "action_flag": 1, "change_message": "[{\"added\": {}}]"}}, {"model": "admin.logentry", "pk": 10, "fields": {"action_time": "2021-09-10T12:42:50.839Z", "user": 1, "content_type": 8, "object_id": "5", "object_repr": "Mavi jeans", "action_flag": 1, "change_message": "[{\"added\": {}}]"}}, {"model": "admin.logentry", "pk": 11, "fields": {"action_time": "2021-09-10T12:43:41.411Z", "user": 1, "content_type": 8, "object_id": "6", "object_repr": "Puma Ferrari Shoes", "action_flag": 1, "change_message": "[{\"added\": {}}]"}}, {"model": "admin.logentry", "pk": 12, "fields": {"action_time": "2021-09-10T12:44:30.751Z", "user": 1, "content_type": 8, "object_id": "7", "object_repr": "US Polo Assn Jacket", "action_flag": 1, "change_message": "[{\"added\": {}}]"}}, {"model": "admin.logentry", "pk": 13, "fields": {"action_time": "2021-09-10T12:45:22.155Z", "user": 1, "content_type": 8, "object_id": "8", "object_repr": "Wrangler Shirt", "action_flag": 1, "change_message": "[{\"added\": {}}]"}}, {"model": "admin.logentry", "pk": 14, "fields": {"action_time": "2021-09-10T15:03:41.041Z", "user": 1, "content_type": 6, "object_id": "2", "object_repr": "T shirt", "action_flag": 2, "change_message": "[{\"changed\": {\"fields\": [\"Category name\"]}}]"}}, {"model": "admin.logentry", "pk": 15, "fields": {"action_time": "2021-09-10T15:06:12.926Z", "user": 1, "content_type": 6, "object_id": "2", "object_repr": "T shirt", "action_flag": 2, "change_message": "[{\"changed\": {\"fields\": [\"Slug\"]}}]"}}, {"model": "admin.logentry", "pk": 16, "fields": {"action_time": "2021-09-10T16:05:02.128Z", "user": 1, "content_type": 8, "object_id": "3", "object_repr": "Great Tshirt", "action_flag": 2, "change_message": "[{\"changed\": {\"fields\": [\"Stock\"]}}]"}}, {"model": "admin.logentry", "pk": 17, "fields": {"action_time": "2021-09-11T15:22:30.624Z", "user": 1, "content_type": 8, "object_id": "1", "object_repr": "ATX Jeans", "action_flag": 2, "change_message": "[{\"changed\": {\"fields\": [\"Description\"]}}]"}}, {"model": "admin.logentry", "pk": 18, "fields": {"action_time": "2021-09-12T07:07:36.886Z", "user": 1, "content_type": 11, "object_id": "1", "object_repr": "Variation object (1)", "action_flag": 1, "change_message": "[{\"added\": {}}]"}}, {"model": "admin.logentry", "pk": 19, "fields": {"action_time": "2021-09-12T07:07:49.531Z", "user": 1, "content_type": 11, "object_id": "2", "object_repr": "Variation object (2)", "action_flag": 1, "change_message": "[{\"added\": {}}]"}}, {"model": "admin.logentry", "pk": 20, "fields": {"action_time": "2021-09-12T07:08:02.522Z", "user": 1, "content_type": 11, "object_id": "3", "object_repr": "Variation object (3)", "action_flag": 1, "change_message": "[{\"added\": {}}]"}}, {"model": "admin.logentry", "pk": 21, "fields": {"action_time": "2021-09-12T07:10:15.707Z", "user": 1, "content_type": 11, "object_id": "3", "object_repr": "Variation object (3)", "action_flag": 2, "change_message": "[{\"changed\": {\"fields\": [\"Is active\"]}}]"}}, {"model": "admin.logentry", "pk": 22, "fields": {"action_time": "2021-09-12T07:10:20.496Z", "user": 1, "content_type": 11, "object_id": "3", "object_repr": "Variation object (3)", "action_flag": 2, "change_message": "[{\"changed\": {\"fields\": [\"Is active\"]}}]"}}, {"model": "admin.logentry", "pk": 23, "fields": {"action_time": "2021-09-12T07:28:47.445Z", "user": 1, "content_type": 11, "object_id": "1", "object_repr": "Variation object (1)", "action_flag": 2, "change_message": "[{\"changed\": {\"fields\": [\"Variation value\"]}}]"}}, {"model": "admin.logentry", "pk": 24, "fields": {"action_time": "2021-09-12T07:40:26.499Z", "user": 1, "content_type": 11, "object_id": "4", "object_repr": "Variation object (4)", "action_flag": 1, "change_message": "[{\"added\": {}}]"}}, {"model": "admin.logentry", "pk": 25, "fields": {"action_time": "2021-09-12T07:42:46.549Z", "user": 1, "content_type": 11, "object_id": "5", "object_repr": "Variation object (5)", "action_flag": 1, "change_message": "[{\"added\": {}}]"}}, {"model": "admin.logentry", "pk": 26, "fields": {"action_time": "2021-09-12T07:42:58.004Z", "user": 1, "content_type": 11, "object_id": "6", "object_repr": "Variation object (6)", "action_flag": 1, "change_message": "[{\"added\": {}}]"}}, {"model": "admin.logentry", "pk": 27, "fields": {"action_time": "2021-09-12T15:45:02.962Z", "user": 1, "content_type": 7, "object_id": "4", "object_repr": "pankajjaguar@gmail.com", "action_flag": 3, "change_message": ""}}, {"model": "admin.logentry", "pk": 28, "fields": {"action_time": "2021-09-12T15:46:03.077Z", "user": 1, "content_type": 7, "object_id": "5", "object_repr": "pankajjaguar@gmail.com", "action_flag": 3, "change_message": ""}}, {"model": "admin.logentry", "pk": 29, "fields": {"action_time": "2021-09-12T15:54:27.876Z", "user": 1, "content_type": 7, "object_id": "6", "object_repr": "pankajjaguar@gmail.com", "action_flag": 3, "change_message": ""}}, {"model": "admin.logentry", "pk": 30, "fields": {"action_time": "2021-09-12T16:05:29.790Z", "user": 1, "content_type": 7, "object_id": "7", "object_repr": "pankajjaguar@gmail.com", "action_flag": 3, "change_message": ""}}, {"model": "admin.logentry", "pk": 31, "fields": {"action_time": "2021-09-12T16:06:26.892Z", "user": 1, "content_type": 7, "object_id": "8", "object_repr": "pankajjaguar@gmail.com", "action_flag": 3, "change_message": ""}}, {"model": "admin.logentry", "pk": 32, "fields": {"action_time": "2021-09-12T16:13:25.258Z", "user": 1, "content_type": 7, "object_id": "9", "object_repr": "pankajjaguar@gmail.com", "action_flag": 3, "change_message": ""}}, {"model": "admin.logentry", "pk": 33, "fields": {"action_time": "2021-09-12T16:14:12.591Z", "user": 1, "content_type": 7, "object_id": "10", "object_repr": "pankajjaguar@gmail.com", "action_flag": 3, "change_message": ""}}, {"model": "admin.logentry", "pk": 34, "fields": {"action_time": "2021-09-12T16:16:42.243Z", "user": 1, "content_type": 7, "object_id": "11", "object_repr": "pankajjaguar@gmail.com", "action_flag": 3, "change_message": ""}}, {"model": "admin.logentry", "pk": 35, "fields": {"action_time": "2021-09-12T16:21:16.159Z", "user": 1, "content_type": 7, "object_id": "12", "object_repr": "pankajjaguar@gmail.com", "action_flag": 3, "change_message": ""}}, {"model": "admin.logentry", "pk": 36, "fields": {"action_time": "2021-09-12T16:24:59.773Z", "user": 1, "content_type": 7, "object_id": "13", "object_repr": "pankajjaguar@gmail.com", "action_flag": 3, "change_message": ""}}, {"model": "admin.logentry", "pk": 37, "fields": {"action_time": "2021-09-12T16:26:29.405Z", "user": 1, "content_type": 7, "object_id": "14", "object_repr": "pankajjaguar@gmail.com", "action_flag": 3, "change_message": ""}}, {"model": "admin.logentry", "pk": 38, "fields": {"action_time": "2021-09-12T16:28:36.103Z", "user": 1, "content_type": 7, "object_id": "15", "object_repr": "pankajjaguar@gmail.com", "action_flag": 3, "change_message": ""}}, {"model": "admin.logentry", "pk": 39, "fields": {"action_time": "2021-09-13T07:02:34.787Z", "user": 1, "content_type": 7, "object_id": "16", "object_repr": "pankajjaguar@gmail.com", "action_flag": 3, "change_message": ""}}, {"model": "admin.logentry", "pk": 40, "fields": {"action_time": "2021-09-13T08:42:04.030Z", "user": 1, "content_type": 7, "object_id": "18", "object_repr": "punith88888888@gmail.com", "action_flag": 3, "change_message": ""}}, {"model": "admin.logentry", "pk": 41, "fields": {"action_time": "2021-09-13T08:44:35.150Z", "user": 1, "content_type": 7, "object_id": "19", "object_repr": "punith88888888@gmail.com", "action_flag": 3, "change_message": ""}}, {"model": "admin.logentry", "pk": 42, "fields": {"action_time": "2021-09-13T09:04:55.489Z", "user": 1, "content_type": 7, "object_id": "20", "object_repr": "punith88888888@gmail.com", "action_flag": 3, "change_message": ""}}, {"model": "admin.logentry", "pk": 43, "fields": {"action_time": "2021-09-13T15:09:19.001Z", "user": 1, "content_type": 10, "object_id": "34", "object_repr": "CartItem object (34)", "action_flag": 3, "change_message": ""}}, {"model": "admin.logentry", "pk": 44, "fields": {"action_time": "2021-09-13T15:09:19.185Z", "user": 1, "content_type": 10, "object_id": "33", "object_repr": "CartItem object (33)", "action_flag": 3, "change_message": ""}}, {"model": "admin.logentry", "pk": 45, "fields": {"action_time": "2021-09-13T15:09:19.409Z", "user": 1, "content_type": 10, "object_id": "32", "object_repr": "CartItem object (32)", "action_flag": 3, "change_message": ""}}, {"model": "admin.logentry", "pk": 46, "fields": {"action_time": "2021-09-13T15:09:19.599Z", "user": 1, "content_type": 10, "object_id": "31", "object_repr": "CartItem object (31)", "action_flag": 3, "change_message": ""}}, {"model": "admin.logentry", "pk": 47, "fields": {"action_time": "2021-09-13T15:09:19.787Z", "user": 1, "content_type": 10, "object_id": "30", "object_repr": "CartItem object (30)", "action_flag": 3, "change_message": ""}}, {"model": "admin.logentry", "pk": 48, "fields": {"action_time": "2021-09-13T15:14:54.890Z", "user": 1, "content_type": 10, "object_id": "35", "object_repr": "CartItem object (35)", "action_flag": 3, "change_message": ""}}, {"model": "admin.logentry", "pk": 49, "fields": {"action_time": "2021-09-13T15:30:19.445Z", "user": 1, "content_type": 9, "object_id": "9", "object_repr": "18r0cb8g7aokmlryu3meqmxzurntapvy", "action_flag": 3, "change_message": ""}}, {"model": "admin.logentry", "pk": 50, "fields": {"action_time": "2021-09-13T15:30:19.647Z", "user": 1, "content_type": 9, "object_id": "8", "object_repr": "aqtg6rrntj2cwdx54iw1cp4nwvt4eb4q", "action_flag": 3, "change_message": ""}}, {"model": "admin.logentry", "pk": 51, "fields": {"action_time": "2021-09-13T15:30:19.840Z", "user": 1, "content_type": 9, "object_id": "7", "object_repr": "e1pzv9ygmsaj66basopgvh8807xzt604", "action_flag": 3, "change_message": ""}}, {"model": "admin.logentry", "pk": 52, "fields": {"action_time": "2021-09-13T15:30:20.023Z", "user": 1, "content_type": 9, "object_id": "6", "object_repr": "onlhl0yyv0tg8px8ujd9tv7bh7928ey2", "action_flag": 3, "change_message": ""}}, {"model": "admin.logentry", "pk": 53, "fields": {"action_time": "2021-09-13T15:30:20.188Z", "user": 1, "content_type": 9, "object_id": "5", "object_repr": "zzldiljbi36aa6btrvgfl1i0zag32wg5", "action_flag": 3, "change_message": ""}}, {"model": "admin.logentry", "pk": 54, "fields": {"action_time": "2021-09-13T15:30:20.358Z", "user": 1, "content_type": 9, "object_id": "4", "object_repr": "1zrls5h3nhc6urc098ijf52ks7q2spyl", "action_flag": 3, "change_message": ""}}, {"model": "admin.logentry", "pk": 55, "fields": {"action_time": "2021-09-13T15:30:20.524Z", "user": 1, "content_type": 9, "object_id": "3", "object_repr": "fz57rb2sekd3qihk9e5woyxiwv287mvg", "action_flag": 3, "change_message": ""}}, {"model": "admin.logentry", "pk": 56, "fields": {"action_time": "2021-09-13T15:30:20.684Z", "user": 1, "content_type": 9, "object_id": "2", "object_repr": "0w0psz8pokb2a3hhxqv2a3y0l0apwvf8", "action_flag": 3, "change_message": ""}}, {"model": "admin.logentry", "pk": 57, "fields": {"action_time": "2021-09-13T15:30:20.865Z", "user": 1, "content_type": 9, "object_id": "1", "object_repr": "mdy58h3g98bf7aqsn5h6u0dc46qlzoas", "action_flag": 3, "change_message": ""}}, {"model": "admin.logentry", "pk": 58, "fields": {"action_time": "2021-09-13T15:48:40.475Z", "user": 1, "content_type": 10, "object_id": "42", "object_repr": "CartItem object (42)", "action_flag": 3, "change_message": ""}}, {"model": "admin.logentry", "pk": 59, "fields": {"action_time": "2021-09-13T15:48:40.707Z", "user": 1, "content_type": 10, "object_id": "41", "object_repr": "CartItem object (41)", "action_flag": 3, "change_message": ""}}, {"model": "admin.logentry", "pk": 60, "fields": {"action_time": "2021-09-13T15:48:40.929Z", "user": 1, "content_type": 10, "object_id": "40", "object_repr": "CartItem object (40)", "action_flag": 3, "change_message": ""}}, {"model": "admin.logentry", "pk": 61, "fields": {"action_time": "2021-09-13T16:10:51.025Z", "user": 1, "content_type": 10, "object_id": "45", "object_repr": "CartItem object (45)", "action_flag": 3, "change_message": ""}}, {"model": "admin.logentry", "pk": 62, "fields": {"action_time": "2021-09-13T16:10:51.255Z", "user": 1, "content_type": 10, "object_id": "44", "object_repr": "CartItem object (44)", "action_flag": 3, "change_message": ""}}, {"model": "admin.logentry", "pk": 63, "fields": {"action_time": "2021-09-13T16:10:51.466Z", "user": 1, "content_type": 10, "object_id": "43", "object_repr": "CartItem object (43)", "action_flag": 3, "change_message": ""}}, {"model": "admin.logentry", "pk": 64, "fields": {"action_time": "2021-09-13T16:11:40.279Z", "user": 1, "content_type": 10, "object_id": "46", "object_repr": "CartItem object (46)", "action_flag": 3, "change_message": ""}}, {"model": "admin.logentry", "pk": 65, "fields": {"action_time": "2021-09-13T16:25:59.139Z", "user": 1, "content_type": 11, "object_id": "7", "object_repr": "white", "action_flag": 1, "change_message": "[{\"added\": {}}]"}}, {"model": "admin.logentry", "pk": 66, "fields": {"action_time": "2021-09-13T16:26:10.687Z", "user": 1, "content_type": 11, "object_id": "8", "object_repr": "Medium", "action_flag": 1, "change_message": "[{\"added\": {}}]"}}, {"model": "admin.logentry", "pk": 67, "fields": {"action_time": "2021-09-13T16:38:39.480Z", "user": 1, "content_type": 11, "object_id": "9", "object_repr": "Blue", "action_flag": 1, "change_message": "[{\"added\": {}}]"}}, {"model": "admin.logentry", "pk": 68, "fields": {"action_time": "2021-09-13T16:38:51.127Z", "user": 1, "content_type": 11, "object_id": "10", "object_repr": "Medium", "action_flag": 1, "change_message": "[{\"added\": {}}]"}}, {"model": "admin.logentry", "pk": 69, "fields": {"action_time": "2021-09-13T16:41:44.911Z", "user": 1, "content_type": 11, "object_id": "10", "object_repr": "Medium", "action_flag": 3, "change_message": ""}}, {"model": "admin.logentry", "pk": 70, "fields": {"action_time": "2021-09-13T16:43:52.890Z", "user": 1, "content_type": 11, "object_id": "8", "object_repr": "Medium", "action_flag": 3, "change_message": ""}}, {"model": "admin.logentry", "pk": 71, "fields": {"action_time": "2021-09-13T16:44:05.050Z", "user": 1, "content_type": 11, "object_id": "11", "object_repr": "Medium", "action_flag": 1, "change_message": "[{\"added\": {}}]"}}, {"model": "admin.logentry", "pk": 72, "fields": {"action_time": "2021-09-13T16:45:34.135Z", "user": 1, "content_type": 10, "object_id": "55", "object_repr": "CartItem object (55)", "action_flag": 3, "change_message": ""}}, {"model": "admin.logentry", "pk": 73, "fields": {"action_time": "2021-09-13T16:45:34.369Z", "user": 1, "content_type": 10, "object_id": "54", "object_repr": "CartItem object (54)", "action_flag": 3, "change_message": ""}}, {"model": "admin.logentry", "pk": 74, "fields": {"action_time": "2021-09-13T16:45:34.582Z", "user": 1, "content_type": 10, "object_id": "53", "object_repr": "CartItem object (53)", "action_flag": 3, "change_message": ""}}, {"model": "admin.logentry", "pk": 75, "fields": {"action_time": "2021-09-13T16:45:34.780Z", "user": 1, "content_type": 10, "object_id": "52", "object_repr": "CartItem object (52)", "action_flag": 3, "change_message": ""}}, {"model": "admin.logentry", "pk": 76, "fields": {"action_time": "2021-09-13T16:45:34.981Z", "user": 1, "content_type": 10, "object_id": "51", "object_repr": "CartItem object (51)", "action_flag": 3, "change_message": ""}}, {"model": "admin.logentry", "pk": 77, "fields": {"action_time": "2021-09-13T16:45:35.146Z", "user": 1, "content_type": 10, "object_id": "50", "object_repr": "CartItem object (50)", "action_flag": 3, "change_message": ""}}, {"model": "admin.logentry", "pk": 78, "fields": {"action_time": "2021-09-14T13:13:34.355Z", "user": 1, "content_type": 13, "object_id": "2", "object_repr": "Punith", "action_flag": 3, "change_message": ""}}, {"model": "admin.logentry", "pk": 79, "fields": {"action_time": "2021-09-14T13:13:34.549Z", "user": 1, "content_type": 13, "object_id": "1", "object_repr": "Punith", "action_flag": 3, "change_message": ""}}, {"model": "admin.logentry", "pk": 80, "fields": {"action_time": "2021-09-14T13:16:06.171Z", "user": 1, "content_type": 13, "object_id": "3", "object_repr": "Punith", "action_flag": 3, "change_message": ""}}, {"model": "admin.logentry", "pk": 81, "fields": {"action_time": "2021-09-14T13:36:16.042Z", "user": 1, "content_type": 13, "object_id": "6", "object_repr": "Punith", "action_flag": 3, "change_message": ""}}, {"model": "admin.logentry", "pk": 82, "fields": {"action_time": "2021-09-14T13:36:16.254Z", "user": 1, "content_type": 13, "object_id": "5", "object_repr": "Punith", "action_flag": 3, "change_message": ""}}, {"model": "admin.logentry", "pk": 83, "fields": {"action_time": "2021-09-14T13:36:16.440Z", "user": 1, "content_type": 13, "object_id": "4", "object_repr": "Punith", "action_flag": 3, "change_message": ""}}, {"model": "admin.logentry", "pk": 84, "fields": {"action_time": "2021-09-14T14:15:30.235Z", "user": 1, "content_type": 13, "object_id": "19", "object_repr": "Punith", "action_flag": 3, "change_message": ""}}, {"model": "admin.logentry", "pk": 85, "fields": {"action_time": "2021-09-14T14:15:30.495Z", "user": 1, "content_type": 13, "object_id": "18", "object_repr": "Punith", "action_flag": 3, "change_message": ""}}, {"model": "admin.logentry", "pk": 86, "fields": {"action_time": "2021-09-14T14:15:30.716Z", "user": 1, "content_type": 13, "object_id": "17", "object_repr": "Punith", "action_flag": 3, "change_message": ""}}, {"model": "admin.logentry", "pk": 87, "fields": {"action_time": "2021-09-14T14:15:30.894Z", "user": 1, "content_type": 13, "object_id": "16", "object_repr": "Punith", "action_flag": 3, "change_message": ""}}, {"model": "admin.logentry", "pk": 88, "fields": {"action_time": "2021-09-14T14:15:31.083Z", "user": 1, "content_type": 13, "object_id": "15", "object_repr": "Punith", "action_flag": 3, "change_message": ""}}, {"model": "admin.logentry", "pk": 89, "fields": {"action_time": "2021-09-14T14:15:31.277Z", "user": 1, "content_type": 13, "object_id": "14", "object_repr": "Punith", "action_flag": 3, "change_message": ""}}, {"model": "admin.logentry", "pk": 90, "fields": {"action_time": "2021-09-14T14:15:31.481Z", "user": 1, "content_type": 13, "object_id": "13", "object_repr": "Punith", "action_flag": 3, "change_message": ""}}, {"model": "admin.logentry", "pk": 91, "fields": {"action_time": "2021-09-14T14:15:31.681Z", "user": 1, "content_type": 13, "object_id": "12", "object_repr": "Punith", "action_flag": 3, "change_message": ""}}, {"model": "admin.logentry", "pk": 92, "fields": {"action_time": "2021-09-14T14:15:31.901Z", "user": 1, "content_type": 13, "object_id": "11", "object_repr": "Punith", "action_flag": 3, "change_message": ""}}, {"model": "admin.logentry", "pk": 93, "fields": {"action_time": "2021-09-14T14:15:32.077Z", "user": 1, "content_type": 13, "object_id": "10", "object_repr": "Punith", "action_flag": 3, "change_message": ""}}, {"model": "admin.logentry", "pk": 94, "fields": {"action_time": "2021-09-14T14:15:32.260Z", "user": 1, "content_type": 13, "object_id": "9", "object_repr": "Punith", "action_flag": 3, "change_message": ""}}, {"model": "admin.logentry", "pk": 95, "fields": {"action_time": "2021-09-14T14:15:32.425Z", "user": 1, "content_type": 13, "object_id": "8", "object_repr": "Punith", "action_flag": 3, "change_message": ""}}, {"model": "admin.logentry", "pk": 96, "fields": {"action_time": "2021-09-14T14:15:32.599Z", "user": 1, "content_type": 13, "object_id": "7", "object_repr": "Punith", "action_flag": 3, "change_message": ""}}, {"model": "admin.logentry", "pk": 97, "fields": {"action_time": "2021-09-14T14:57:23.445Z", "user": 1, "content_type": 13, "object_id": "20", "object_repr": "Punith", "action_flag": 3, "change_message": ""}}, {"model": "admin.logentry", "pk": 98, "fields": {"action_time": "2021-09-15T09:46:46.025Z", "user": 1, "content_type": 13, "object_id": "53", "object_repr": "Punith", "action_flag": 2, "change_message": "[{\"changed\": {\"fields\": [\"Is ordered\"]}}]"}}, {"model": "admin.logentry", "pk": 99, "fields": {"action_time": "2021-09-15T10:53:34.663Z", "user": 1, "content_type": 12, "object_id": "6", "object_repr": "ATX Jeans", "action_flag": 3, "change_message": ""}}, {"model": "admin.logentry", "pk": 100, "fields": {"action_time": "2021-09-15T10:53:34.875Z", "user": 1, "content_type": 12, "object_id": "5", "object_repr": "ATX Jeans", "action_flag": 3, "change_message": ""}}, {"model": "admin.logentry", "pk": 101, "fields": {"action_time": "2021-09-15T10:53:35.043Z", "user": 1, "content_type": 12, "object_id": "4", "object_repr": "ATX Jeans", "action_flag": 3, "change_message": ""}}, {"model": "admin.logentry", "pk": 102, "fields": {"action_time": "2021-09-15T10:53:35.221Z", "user": 1, "content_type": 12, "object_id": "3", "object_repr": "ATX Jeans", "action_flag": 3, "change_message": ""}}, {"model": "admin.logentry", "pk": 103, "fields": {"action_time": "2021-09-15T10:53:35.410Z", "user": 1, "content_type": 12, "object_id": "2", "object_repr": "ATX Jeans", "action_flag": 3, "change_message": ""}}, {"model": "admin.logentry", "pk": 104, "fields": {"action_time": "2021-09-15T10:53:35.576Z", "user": 1, "content_type": 12, "object_id": "1", "object_repr": "ATX Jeans", "action_flag": 3, "change_message": ""}}, {"model": "admin.logentry", "pk": 105, "fields": {"action_time": "2021-09-15T10:54:00.064Z", "user": 1, "content_type": 13, "object_id": "58", "object_repr": "Punith", "action_flag": 3, "change_message": ""}}, {"model": "admin.logentry", "pk": 106, "fields": {"action_time": "2021-09-15T10:54:00.287Z", "user": 1, "content_type": 13, "object_id": "57", "object_repr": "Punith", "action_flag": 3, "change_message": ""}}, {"model": "admin.logentry", "pk": 107, "fields": {"action_time": "2021-09-15T10:54:00.455Z", "user": 1, "content_type": 13, "object_id": "56", "object_repr": "Punith", "action_flag": 3, "change_message": ""}}, {"model": "admin.logentry", "pk": 108, "fields": {"action_time": "2021-09-15T10:54:00.710Z", "user": 1, "content_type": 13, "object_id": "55", "object_repr": "Punith", "action_flag": 3, "change_message": ""}}, {"model": "admin.logentry", "pk": 109, "fields": {"action_time": "2021-09-15T10:54:00.889Z", "user": 1, "content_type": 13, "object_id": "54", "object_repr": "Punith", "action_flag": 3, "change_message": ""}}, {"model": "admin.logentry", "pk": 110, "fields": {"action_time": "2021-09-15T10:54:01.067Z", "user": 1, "content_type": 13, "object_id": "53", "object_repr": "Punith", "action_flag": 3, "change_message": ""}}, {"model": "admin.logentry", "pk": 111, "fields": {"action_time": "2021-09-15T10:54:01.281Z", "user": 1, "content_type": 13, "object_id": "52", "object_repr": "Punith", "action_flag": 3, "change_message": ""}}, {"model": "admin.logentry", "pk": 112, "fields": {"action_time": "2021-09-15T10:54:01.490Z", "user": 1, "content_type": 13, "object_id": "51", "object_repr": "Punith", "action_flag": 3, "change_message": ""}}, {"model": "admin.logentry", "pk": 113, "fields": {"action_time": "2021-09-15T10:54:01.676Z", "user": 1, "content_type": 13, "object_id": "50", "object_repr": "Punith", "action_flag": 3, "change_message": ""}}, {"model": "admin.logentry", "pk": 114, "fields": {"action_time": "2021-09-15T10:54:01.867Z", "user": 1, "content_type": 13, "object_id": "49", "object_repr": "Punith", "action_flag": 3, "change_message": ""}}, {"model": "admin.logentry", "pk": 115, "fields": {"action_time": "2021-09-15T10:54:02.055Z", "user": 1, "content_type": 13, "object_id": "48", "object_repr": "Punith", "action_flag": 3, "change_message": ""}}, {"model": "admin.logentry", "pk": 116, "fields": {"action_time": "2021-09-15T10:54:02.256Z", "user": 1, "content_type": 13, "object_id": "47", "object_repr": "Punith", "action_flag": 3, "change_message": ""}}, {"model": "admin.logentry", "pk": 117, "fields": {"action_time": "2021-09-15T10:54:02.443Z", "user": 1, "content_type": 13, "object_id": "46", "object_repr": "Punith", "action_flag": 3, "change_message": ""}}, {"model": "admin.logentry", "pk": 118, "fields": {"action_time": "2021-09-15T10:54:02.644Z", "user": 1, "content_type": 13, "object_id": "45", "object_repr": "Punith", "action_flag": 3, "change_message": ""}}, {"model": "admin.logentry", "pk": 119, "fields": {"action_time": "2021-09-15T10:54:02.811Z", "user": 1, "content_type": 13, "object_id": "44", "object_repr": "Punith", "action_flag": 3, "change_message": ""}}, {"model": "admin.logentry", "pk": 120, "fields": {"action_time": "2021-09-15T10:54:02.976Z", "user": 1, "content_type": 13, "object_id": "43", "object_repr": "Punith", "action_flag": 3, "change_message": ""}}, {"model": "admin.logentry", "pk": 121, "fields": {"action_time": "2021-09-15T10:54:03.156Z", "user": 1, "content_type": 13, "object_id": "42", "object_repr": "Punith", "action_flag": 3, "change_message": ""}}, {"model": "admin.logentry", "pk": 122, "fields": {"action_time": "2021-09-15T10:54:03.343Z", "user": 1, "content_type": 13, "object_id": "41", "object_repr": "Punith", "action_flag": 3, "change_message": ""}}, {"model": "admin.logentry", "pk": 123, "fields": {"action_time": "2021-09-15T10:54:03.522Z", "user": 1, "content_type": 13, "object_id": "40", "object_repr": "Punith", "action_flag": 3, "change_message": ""}}, {"model": "admin.logentry", "pk": 124, "fields": {"action_time": "2021-09-15T10:54:03.691Z", "user": 1, "content_type": 13, "object_id": "39", "object_repr": "Punith", "action_flag": 3, "change_message": ""}}, {"model": "admin.logentry", "pk": 125, "fields": {"action_time": "2021-09-15T10:54:15.814Z", "user": 1, "content_type": 13, "object_id": "38", "object_repr": "Punith", "action_flag": 3, "change_message": ""}}, {"model": "admin.logentry", "pk": 126, "fields": {"action_time": "2021-09-15T10:54:16.022Z", "user": 1, "content_type": 13, "object_id": "37", "object_repr": "Punith", "action_flag": 3, "change_message": ""}}, {"model": "admin.logentry", "pk": 127, "fields": {"action_time": "2021-09-15T10:54:16.212Z", "user": 1, "content_type": 13, "object_id": "36", "object_repr": "Punith", "action_flag": 3, "change_message": ""}}, {"model": "admin.logentry", "pk": 128, "fields": {"action_time": "2021-09-15T10:54:16.410Z", "user": 1, "content_type": 13, "object_id": "35", "object_repr": "Punith", "action_flag": 3, "change_message": ""}}, {"model": "admin.logentry", "pk": 129, "fields": {"action_time": "2021-09-15T10:54:16.578Z", "user": 1, "content_type": 13, "object_id": "34", "object_repr": "Punith", "action_flag": 3, "change_message": ""}}, {"model": "admin.logentry", "pk": 130, "fields": {"action_time": "2021-09-15T10:54:16.755Z", "user": 1, "content_type": 13, "object_id": "33", "object_repr": "Punith", "action_flag": 3, "change_message": ""}}, {"model": "admin.logentry", "pk": 131, "fields": {"action_time": "2021-09-15T10:54:16.934Z", "user": 1, "content_type": 13, "object_id": "32", "object_repr": "Punith", "action_flag": 3, "change_message": ""}}, {"model": "admin.logentry", "pk": 132, "fields": {"action_time": "2021-09-15T10:54:17.100Z", "user": 1, "content_type": 13, "object_id": "31", "object_repr": "Punith", "action_flag": 3, "change_message": ""}}, {"model": "admin.logentry", "pk": 133, "fields": {"action_time": "2021-09-15T10:54:17.277Z", "user": 1, "content_type": 13, "object_id": "30", "object_repr": "Punith", "action_flag": 3, "change_message": ""}}, {"model": "admin.logentry", "pk": 134, "fields": {"action_time": "2021-09-15T10:54:17.456Z", "user": 1, "content_type": 13, "object_id": "29", "object_repr": "Punith", "action_flag": 3, "change_message": ""}}, {"model": "admin.logentry", "pk": 135, "fields": {"action_time": "2021-09-15T10:54:17.667Z", "user": 1, "content_type": 13, "object_id": "28", "object_repr": "Punith", "action_flag": 3, "change_message": ""}}, {"model": "admin.logentry", "pk": 136, "fields": {"action_time": "2021-09-15T10:54:17.968Z", "user": 1, "content_type": 13, "object_id": "27", "object_repr": "Punith", "action_flag": 3, "change_message": ""}}, {"model": "admin.logentry", "pk": 137, "fields": {"action_time": "2021-09-15T10:54:18.233Z", "user": 1, "content_type": 13, "object_id": "26", "object_repr": "Punith", "action_flag": 3, "change_message": ""}}, {"model": "admin.logentry", "pk": 138, "fields": {"action_time": "2021-09-15T10:54:18.433Z", "user": 1, "content_type": 13, "object_id": "25", "object_repr": "Punith", "action_flag": 3, "change_message": ""}}, {"model": "admin.logentry", "pk": 139, "fields": {"action_time": "2021-09-15T10:54:18.633Z", "user": 1, "content_type": 13, "object_id": "24", "object_repr": "Punith", "action_flag": 3, "change_message": ""}}, {"model": "admin.logentry", "pk": 140, "fields": {"action_time": "2021-09-15T10:54:18.834Z", "user": 1, "content_type": 13, "object_id": "23", "object_repr": "Punith", "action_flag": 3, "change_message": ""}}, {"model": "admin.logentry", "pk": 141, "fields": {"action_time": "2021-09-15T10:54:19.056Z", "user": 1, "content_type": 13, "object_id": "22", "object_repr": "Punith", "action_flag": 3, "change_message": ""}}, {"model": "admin.logentry", "pk": 142, "fields": {"action_time": "2021-09-15T10:54:19.235Z", "user": 1, "content_type": 13, "object_id": "21", "object_repr": "Punith", "action_flag": 3, "change_message": ""}}, {"model": "admin.logentry", "pk": 143, "fields": {"action_time": "2021-09-15T10:54:27.065Z", "user": 1, "content_type": 14, "object_id": "3", "object_repr": "3WT70646MV585420A", "action_flag": 3, "change_message": ""}}, {"model": "admin.logentry", "pk": 144, "fields": {"action_time": "2021-09-15T10:54:27.279Z", "user": 1, "content_type": 14, "object_id": "2", "object_repr": "00H36862RP901302V", "action_flag": 3, "change_message": ""}}, {"model": "admin.logentry", "pk": 145, "fields": {"action_time": "2021-09-15T10:54:27.456Z", "user": 1, "content_type": 14, "object_id": "1", "object_repr": "4TF29643FH6709314", "action_flag": 3, "change_message": ""}}, {"model": "admin.logentry", "pk": 146, "fields": {"action_time": "2021-09-15T10:54:35.844Z", "user": 1, "content_type": 10, "object_id": "64", "object_repr": "CartItem object (64)", "action_flag": 3, "change_message": ""}}, {"model": "admin.logentry", "pk": 147, "fields": {"action_time": "2021-09-15T10:54:36.036Z", "user": 1, "content_type": 10, "object_id": "63", "object_repr": "CartItem object (63)", "action_flag": 3, "change_message": ""}}, {"model": "admin.logentry", "pk": 148, "fields": {"action_time": "2021-09-15T10:54:36.234Z", "user": 1, "content_type": 10, "object_id": "62", "object_repr": "CartItem object (62)", "action_flag": 3, "change_message": ""}}, {"model": "admin.logentry", "pk": 149, "fields": {"action_time": "2021-09-15T10:54:36.401Z", "user": 1, "content_type": 10, "object_id": "58", "object_repr": "CartItem object (58)", "action_flag": 3, "change_message": ""}}, {"model": "admin.logentry", "pk": 150, "fields": {"action_time": "2021-09-15T10:54:36.556Z", "user": 1, "content_type": 10, "object_id": "48", "object_repr": "CartItem object (48)", "action_flag": 3, "change_message": ""}}, {"model": "admin.logentry", "pk": 151, "fields": {"action_time": "2021-09-15T10:54:54.736Z", "user": 1, "content_type": 9, "object_id": "26", "object_repr": "yxrhx2fug7e7x0w8ajzsm4b62w3gvny9", "action_flag": 3, "change_message": ""}}, {"model": "admin.logentry", "pk": 152, "fields": {"action_time": "2021-09-15T10:54:54.968Z", "user": 1, "content_type": 9, "object_id": "25", "object_repr": "fp1vule2u9qv5sn5sdyvtzuvlaw0yhlo", "action_flag": 3, "change_message": ""}}, {"model": "admin.logentry", "pk": 153, "fields": {"action_time": "2021-09-15T10:54:55.156Z", "user": 1, "content_type": 9, "object_id": "24", "object_repr": "pxlgepmu3zkv1mb4uymtc30xi29kgkl0", "action_flag": 3, "change_message": ""}}, {"model": "admin.logentry", "pk": 154, "fields": {"action_time": "2021-09-15T10:54:55.335Z", "user": 1, "content_type": 9, "object_id": "23", "object_repr": "i3xmc6c4ncwnswwa7p2qqd3d7hz1elsf", "action_flag": 3, "change_message": ""}}, {"model": "admin.logentry", "pk": 155, "fields": {"action_time": "2021-09-15T10:54:55.515Z", "user": 1, "content_type": 9, "object_id": "22", "object_repr": "f3as7q1b5xms06gtb6k0ltse1p0z9i2r", "action_flag": 3, "change_message": ""}}, {"model": "admin.logentry", "pk": 156, "fields": {"action_time": "2021-09-15T10:54:55.680Z", "user": 1, "content_type": 9, "object_id": "21", "object_repr": "uzy7n3avn65g3rf26bjfix1knbpk1h2p", "action_flag": 3, "change_message": ""}}, {"model": "admin.logentry", "pk": 157, "fields": {"action_time": "2021-09-15T10:54:55.846Z", "user": 1, "content_type": 9, "object_id": "20", "object_repr": "0i3apm24n3a41f4klyv56hkvxmv06xwj", "action_flag": 3, "change_message": ""}}, {"model": "admin.logentry", "pk": 158, "fields": {"action_time": "2021-09-15T10:54:56.017Z", "user": 1, "content_type": 9, "object_id": "19", "object_repr": "dg7aqalvycfyb0a55gxch2a1tw2k5apl", "action_flag": 3, "change_message": ""}}, {"model": "admin.logentry", "pk": 159, "fields": {"action_time": "2021-09-15T10:54:56.200Z", "user": 1, "content_type": 9, "object_id": "18", "object_repr": "ymo9g2qwa9qxurfnacpx5nshv6ixcafb", "action_flag": 3, "change_message": ""}}, {"model": "admin.logentry", "pk": 160, "fields": {"action_time": "2021-09-15T10:54:56.391Z", "user": 1, "content_type": 9, "object_id": "17", "object_repr": "y87v65wk9kstda359foqw4rgx96byrvg", "action_flag": 3, "change_message": ""}}, {"model": "admin.logentry", "pk": 161, "fields": {"action_time": "2021-09-15T10:54:56.612Z", "user": 1, "content_type": 9, "object_id": "16", "object_repr": "wdlp92jrq1i5qcwkh238huz4bfbnf446", "action_flag": 3, "change_message": ""}}, {"model": "admin.logentry", "pk": 162, "fields": {"action_time": "2021-09-15T10:54:56.812Z", "user": 1, "content_type": 9, "object_id": "15", "object_repr": "1smmlivqjtdpwfhe3puo1dmdvep0nts3", "action_flag": 3, "change_message": ""}}, {"model": "admin.logentry", "pk": 163, "fields": {"action_time": "2021-09-15T10:54:56.991Z", "user": 1, "content_type": 9, "object_id": "14", "object_repr": "leyai4dpvl9xhuigxftgp18vyylipln4", "action_flag": 3, "change_message": ""}}, {"model": "admin.logentry", "pk": 164, "fields": {"action_time": "2021-09-15T10:54:57.167Z", "user": 1, "content_type": 9, "object_id": "13", "object_repr": "nnfey3tdrge8lz1vsa7rx8htk19buk5i", "action_flag": 3, "change_message": ""}}, {"model": "admin.logentry", "pk": 165, "fields": {"action_time": "2021-09-15T10:54:57.369Z", "user": 1, "content_type": 9, "object_id": "12", "object_repr": "usfn2nk02auskaw2kdc182s3u6w91hq8", "action_flag": 3, "change_message": ""}}, {"model": "admin.logentry", "pk": 166, "fields": {"action_time": "2021-09-15T10:54:57.602Z", "user": 1, "content_type": 9, "object_id": "11", "object_repr": "0v9s5hvsr5s06n0ddrskajr8gfql3hv6", "action_flag": 3, "change_message": ""}}, {"model": "admin.logentry", "pk": 167, "fields": {"action_time": "2021-09-15T10:54:57.768Z", "user": 1, "content_type": 9, "object_id": "10", "object_repr": "u0mxwl2zo26t3gjwsjmplrg73sqyeljk", "action_flag": 3, "change_message": ""}}, {"model": "admin.logentry", "pk": 168, "fields": {"action_time": "2021-09-16T09:28:09.868Z", "user": 1, "content_type": 15, "object_id": "2", "object_repr": "TEST", "action_flag": 1, "change_message": "[{\"added\": {}}]"}}, {"model": "admin.logentry", "pk": 169, "fields": {"action_time": "2021-09-16T10:00:36.253Z", "user": 1, "content_type": 15, "object_id": "2", "object_repr": "TEST", "action_flag": 2, "change_message": "[{\"changed\": {\"fields\": [\"Rating\"]}}]"}}, {"model": "admin.logentry", "pk": 170, "fields": {"action_time": "2021-09-16T10:07:50.960Z", "user": 1, "content_type": 15, "object_id": "2", "object_repr": "TEST", "action_flag": 2, "change_message": "[{\"changed\": {\"fields\": [\"Rating\"]}}]"}}, {"model": "admin.logentry", "pk": 171, "fields": {"action_time": "2021-09-16T10:07:56.954Z", "user": 1, "content_type": 15, "object_id": "1", "object_repr": "TEST UPDATE", "action_flag": 2, "change_message": "[{\"changed\": {\"fields\": [\"Rating\"]}}]"}}, {"model": "admin.logentry", "pk": 172, "fields": {"action_time": "2021-09-16T11:34:33.924Z", "user": 1, "content_type": 16, "object_id": "1", "object_repr": "Punith", "action_flag": 1, "change_message": "[{\"added\": {}}]"}}, {"model": "admin.logentry", "pk": 173, "fields": {"action_time": "2021-09-16T14:48:03.406Z", "user": 1, "content_type": 16, "object_id": "1", "object_repr": "Punith", "action_flag": 2, "change_message": "[{\"changed\": {\"fields\": [\"State\", \"Country\"]}}]"}}, {"model": "admin.logentry", "pk": 174, "fields": {"action_time": "2021-09-16T14:48:39.018Z", "user": 1, "content_type": 16, "object_id": "1", "object_repr": "Punith", "action_flag": 2, "change_message": "[{\"changed\": {\"fields\": [\"Country\"]}}]"}}, {"model": "admin.logentry", "pk": 175, "fields": {"action_time": "2021-09-16T15:05:26.303Z", "user": 1, "content_type": 8, "object_id": "1", "object_repr": "ATX Jeans", "action_flag": 2, "change_message": "[{\"added\": {\"name\": \"Productgallery\", \"object\": \"ATX Jeans\"}}]"}}, {"model": "admin.logentry", "pk": 176, "fields": {"action_time": "2021-09-16T15:09:17.999Z", "user": 1, "content_type": 8, "object_id": "1", "object_repr": "ATX Jeans", "action_flag": 2, "change_message": "[{\"added\": {\"name\": \"Productgallery\", \"object\": \"ATX Jeans\"}}]"}}, {"model": "admin.logentry", "pk": 177, "fields": {"action_time": "2021-09-16T15:11:59.245Z", "user": 1, "content_type": 8, "object_id": "1", "object_repr": "ATX Jeans", "action_flag": 2, "change_message": "[{\"deleted\": {\"name\": \"Productgallery\", \"object\": \"ATX Jeans\"}}, {\"deleted\": {\"name\": \"Productgallery\", \"object\": \"ATX Jeans\"}}]"}}, {"model": "admin.logentry", "pk": 178, "fields": {"action_time": "2021-09-16T15:12:25.090Z", "user": 1, "content_type": 8, "object_id": "1", "object_repr": "ATX Jeans", "action_flag": 2, "change_message": "[{\"added\": {\"name\": \"Productgallery\", \"object\": \"ATX Jeans\"}}]"}}, {"model": "admin.logentry", "pk": 179, "fields": {"action_time": "2021-09-16T15:12:36.190Z", "user": 1, "content_type": 8, "object_id": "1", "object_repr": "ATX Jeans", "action_flag": 2, "change_message": "[{\"added\": {\"name\": \"Productgallery\", \"object\": \"ATX Jeans\"}}]"}}, {"model": "admin.logentry", "pk": 180, "fields": {"action_time": "2021-09-16T15:12:45.894Z", "user": 1, "content_type": 8, "object_id": "1", "object_repr": "ATX Jeans", "action_flag": 2, "change_message": "[{\"added\": {\"name\": \"Productgallery\", \"object\": \"ATX Jeans\"}}]"}}, {"model": "auth.permission", "pk": 1, "fields": {"name": "Can add log entry", "content_type": 1, "codename": "add_logentry"}}, {"model": "auth.permission", "pk": 2, "fields": {"name": "Can change log entry", "content_type": 1, "codename": "change_logentry"}}, {"model": "auth.permission", "pk": 3, "fields": {"name": "Can delete log entry", "content_type": 1, "codename": "delete_logentry"}}, {"model": "auth.permission", "pk": 4, "fields": {"name": "Can view log entry", "content_type": 1, "codename": "view_logentry"}}, {"model": "auth.permission", "pk": 5, "fields": {"name": "Can add permission", "content_type": 2, "codename": "add_permission"}}, {"model": "auth.permission", "pk": 6, "fields": {"name": "Can change permission", "content_type": 2, "codename": "change_permission"}}, {"model": "auth.permission", "pk": 7, "fields": {"name": "Can delete permission", "content_type": 2, "codename": "delete_permission"}}, {"model": "auth.permission", "pk": 8, "fields": {"name": "Can view permission", "content_type": 2, "codename": "view_permission"}}, {"model": "auth.permission", "pk": 9, "fields": {"name": "Can add group", "content_type": 3, "codename": "add_group"}}, {"model": "auth.permission", "pk": 10, "fields": {"name": "Can change group", "content_type": 3, "codename": "change_group"}}, {"model": "auth.permission", "pk": 11, "fields": {"name": "Can delete group", "content_type": 3, "codename": "delete_group"}}, {"model": "auth.permission", "pk": 12, "fields": {"name": "Can view group", "content_type": 3, "codename": "view_group"}}, {"model": "auth.permission", "pk": 13, "fields": {"name": "Can add content type", "content_type": 4, "codename": "add_contenttype"}}, {"model": "auth.permission", "pk": 14, "fields": {"name": "Can change content type", "content_type": 4, "codename": "change_contenttype"}}, {"model": "auth.permission", "pk": 15, "fields": {"name": "Can delete content type", "content_type": 4, "codename": "delete_contenttype"}}, {"model": "auth.permission", "pk": 16, "fields": {"name": "Can view content type", "content_type": 4, "codename": "view_contenttype"}}, {"model": "auth.permission", "pk": 17, "fields": {"name": "Can add session", "content_type": 5, "codename": "add_session"}}, {"model": "auth.permission", "pk": 18, "fields": {"name": "Can change session", "content_type": 5, "codename": "change_session"}}, {"model": "auth.permission", "pk": 19, "fields": {"name": "Can delete session", "content_type": 5, "codename": "delete_session"}}, {"model": "auth.permission", "pk": 20, "fields": {"name": "Can view session", "content_type": 5, "codename": "view_session"}}, {"model": "auth.permission", "pk": 21, "fields": {"name": "Can add Category", "content_type": 6, "codename": "add_category"}}, {"model": "auth.permission", "pk": 22, "fields": {"name": "Can change Category", "content_type": 6, "codename": "change_category"}}, {"model": "auth.permission", "pk": 23, "fields": {"name": "Can delete Category", "content_type": 6, "codename": "delete_category"}}, {"model": "auth.permission", "pk": 24, "fields": {"name": "Can view Category", "content_type": 6, "codename": "view_category"}}, {"model": "auth.permission", "pk": 25, "fields": {"name": "Can add account", "content_type": 7, "codename": "add_account"}}, {"model": "auth.permission", "pk": 26, "fields": {"name": "Can change account", "content_type": 7, "codename": "change_account"}}, {"model": "auth.permission", "pk": 27, "fields": {"name": "Can delete account", "content_type": 7, "codename": "delete_account"}}, {"model": "auth.permission", "pk": 28, "fields": {"name": "Can view account", "content_type": 7, "codename": "view_account"}}, {"model": "auth.permission", "pk": 29, "fields": {"name": "Can add product", "content_type": 8, "codename": "add_product"}}, {"model": "auth.permission", "pk": 30, "fields": {"name": "Can change product", "content_type": 8, "codename": "change_product"}}, {"model": "auth.permission", "pk": 31, "fields": {"name": "Can delete product", "content_type": 8, "codename": "delete_product"}}, {"model": "auth.permission", "pk": 32, "fields": {"name": "Can view product", "content_type": 8, "codename": "view_product"}}, {"model": "auth.permission", "pk": 33, "fields": {"name": "Can add cart", "content_type": 9, "codename": "add_cart"}}, {"model": "auth.permission", "pk": 34, "fields": {"name": "Can change cart", "content_type": 9, "codename": "change_cart"}}, {"model": "auth.permission", "pk": 35, "fields": {"name": "Can delete cart", "content_type": 9, "codename": "delete_cart"}}, {"model": "auth.permission", "pk": 36, "fields": {"name": "Can view cart", "content_type": 9, "codename": "view_cart"}}, {"model": "auth.permission", "pk": 37, "fields": {"name": "Can add cart item", "content_type": 10, "codename": "add_cartitem"}}, {"model": "auth.permission", "pk": 38, "fields": {"name": "Can change cart item", "content_type": 10, "codename": "change_cartitem"}}, {"model": "auth.permission", "pk": 39, "fields": {"name": "Can delete cart item", "content_type": 10, "codename": "delete_cartitem"}}, {"model": "auth.permission", "pk": 40, "fields": {"name": "Can view cart item", "content_type": 10, "codename": "view_cartitem"}}, {"model": "auth.permission", "pk": 41, "fields": {"name": "Can add variation", "content_type": 11, "codename": "add_variation"}}, {"model": "auth.permission", "pk": 42, "fields": {"name": "Can change variation", "content_type": 11, "codename": "change_variation"}}, {"model": "auth.permission", "pk": 43, "fields": {"name": "Can delete variation", "content_type": 11, "codename": "delete_variation"}}, {"model": "auth.permission", "pk": 44, "fields": {"name": "Can view variation", "content_type": 11, "codename": "view_variation"}}, {"model": "auth.permission", "pk": 45, "fields": {"name": "Can add order product", "content_type": 12, "codename": "add_orderproduct"}}, {"model": "auth.permission", "pk": 46, "fields": {"name": "Can change order product", "content_type": 12, "codename": "change_orderproduct"}}, {"model": "auth.permission", "pk": 47, "fields": {"name": "Can delete order product", "content_type": 12, "codename": "delete_orderproduct"}}, {"model": "auth.permission", "pk": 48, "fields": {"name": "Can view order product", "content_type": 12, "codename": "view_orderproduct"}}, {"model": "auth.permission", "pk": 49, "fields": {"name": "Can add order", "content_type": 13, "codename": "add_order"}}, {"model": "auth.permission", "pk": 50, "fields": {"name": "Can change order", "content_type": 13, "codename": "change_order"}}, {"model": "auth.permission", "pk": 51, "fields": {"name": "Can delete order", "content_type": 13, "codename": "delete_order"}}, {"model": "auth.permission", "pk": 52, "fields": {"name": "Can view order", "content_type": 13, "codename": "view_order"}}, {"model": "auth.permission", "pk": 53, "fields": {"name": "Can add payment", "content_type": 14, "codename": "add_payment"}}, {"model": "auth.permission", "pk": 54, "fields": {"name": "Can change payment", "content_type": 14, "codename": "change_payment"}}, {"model": "auth.permission", "pk": 55, "fields": {"name": "Can delete payment", "content_type": 14, "codename": "delete_payment"}}, {"model": "auth.permission", "pk": 56, "fields": {"name": "Can view payment", "content_type": 14, "codename": "view_payment"}}, {"model": "auth.permission", "pk": 57, "fields": {"name": "Can add review rating", "content_type": 15, "codename": "add_reviewrating"}}, {"model": "auth.permission", "pk": 58, "fields": {"name": "Can change review rating", "content_type": 15, "codename": "change_reviewrating"}}, {"model": "auth.permission", "pk": 59, "fields": {"name": "Can delete review rating", "content_type": 15, "codename": "delete_reviewrating"}}, {"model": "auth.permission", "pk": 60, "fields": {"name": "Can view review rating", "content_type": 15, "codename": "view_reviewrating"}}, {"model": "auth.permission", "pk": 61, "fields": {"name": "Can add user profile", "content_type": 16, "codename": "add_userprofile"}}, {"model": "auth.permission", "pk": 62, "fields": {"name": "Can change user profile", "content_type": 16, "codename": "change_userprofile"}}, {"model": "auth.permission", "pk": 63, "fields": {"name": "Can delete user profile", "content_type": 16, "codename": "delete_userprofile"}}, {"model": "auth.permission", "pk": 64, "fields": {"name": "Can view user profile", "content_type": 16, "codename": "view_userprofile"}}, {"model": "auth.permission", "pk": 65, "fields": {"name": "Can add product gallery", "content_type": 17, "codename": "add_productgallery"}}, {"model": "auth.permission", "pk": 66, "fields": {"name": "Can change product gallery", "content_type": 17, "codename": "change_productgallery"}}, {"model": "auth.permission", "pk": 67, "fields": {"name": "Can delete product gallery", "content_type": 17, "codename": "delete_productgallery"}}, {"model": "auth.permission", "pk": 68, "fields": {"name": "Can view product gallery", "content_type": 17, "codename": "view_productgallery"}}, {"model": "auth.permission", "pk": 69, "fields": {"name": "Can add login attempt", "content_type": 18, "codename": "add_loginattempt"}}, {"model": "auth.permission", "pk": 70, "fields": {"name": "Can change login attempt", "content_type": 18, "codename": "change_loginattempt"}}, {"model": "auth.permission", "pk": 71, "fields": {"name": "Can delete login attempt", "content_type": 18, "codename": "delete_loginattempt"}}, {"model": "auth.permission", "pk": 72, "fields": {"name": "Can view login attempt", "content_type": 18, "codename": "view_loginattempt"}}, {"model": "contenttypes.contenttype", "pk": 1, "fields": {"app_label": "admin", "model": "logentry"}}, {"model": "contenttypes.contenttype", "pk": 2, "fields": {"app_label": "auth", "model": "permission"}}, {"model": "contenttypes.contenttype", "pk": 3, "fields": {"app_label": "auth", "model": "group"}}, {"model": "contenttypes.contenttype", "pk": 4, "fields": {"app_label": "contenttypes", "model": "contenttype"}}, {"model": "contenttypes.contenttype", "pk": 5, "fields": {"app_label": "sessions", "model": "session"}}, {"model": "contenttypes.contenttype", "pk": 6, "fields": {"app_label": "category", "model": "category"}}, {"model": "contenttypes.contenttype", "pk": 7, "fields": {"app_label": "accounts", "model": "account"}}, {"model": "contenttypes.contenttype", "pk": 8, "fields": {"app_label": "store", "model": "product"}}, {"model": "contenttypes.contenttype", "pk": 9, "fields": {"app_label": "carts", "model": "cart"}}, {"model": "contenttypes.contenttype", "pk": 10, "fields": {"app_label": "carts", "model": "cartitem"}}, {"model": "contenttypes.contenttype", "pk": 11, "fields": {"app_label": "store", "model": "variation"}}, {"model": "contenttypes.contenttype", "pk": 12, "fields": {"app_label": "orders", "model": "orderproduct"}}, {"model": "contenttypes.contenttype", "pk": 13, "fields": {"app_label": "orders", "model": "order"}}, {"model": "contenttypes.contenttype", "pk": 14, "fields": {"app_label": "orders", "model": "payment"}}, {"model": "contenttypes.contenttype", "pk": 15, "fields": {"app_label": "store", "model": "reviewrating"}}, {"model": "contenttypes.contenttype", "pk": 16, "fields": {"app_label": "accounts", "model": "userprofile"}}, {"model": "contenttypes.contenttype", "pk": 17, "fields": {"app_label": "store", "model": "productgallery"}}, {"model": "contenttypes.contenttype", "pk": 18, "fields": {"app_label": "admin_honeypot", "model": "loginattempt"}}, {"model": "sessions.session", "pk": "glipm4h0ubpiq8ixsgl0g449c8ip063u", "fields": {"session_data": ".eJxVjDsOwjAQBe_iGlnxxl9Kes4QrXc3OIBsKZ8KcXeIlALaNzPvpQbc1jJsi8zDxOqsjDr9bhnpIXUHfMd6a5paXecp613RB130tbE8L4f7d1BwKd8aYifU2zB68mgQPBA466IwxNgTdCkGm9jb4DIThtSNbHoT0WUZCbx6fwDI-Td7:1mQu3B:O-5-fBAvW6AqgbLVrcdRFgR19AnTpIpx7UrSNhd7_q4", "expire_date": "2021-09-30T16:15:49.057Z"}}, {"model": "sessions.session", "pk": "zfcuzo7hmewxy0nfexyayiud3hlwrh7y", "fields": {"session_data": "e30:1mREBL:9dEdqAaqjj4MGBvOxMKLO75BCDee9wggEaByf6seUoU", "expire_date": "2021-10-01T13:45:35.453Z"}}, {"model": "category.category", "pk": 1, "fields": {"category_name": "Shirts", "slug": "shirts", "description": "This is the demo shirt category", "cat_image": "photos/categories/shirts.jpg"}}, {"model": "category.category", "pk": 2, "fields": {"category_name": "T shirt", "slug": "t-shirt", "description": "This is test description", "cat_image": "photos/categories/tshirts.jpg"}}, {"model": "category.category", "pk": 3, "fields": {"category_name": "Shoes", "slug": "shoes", "description": "This is shoes category", "cat_image": "photos/categories/shoes.png"}}, {"model": "category.category", "pk": 4, "fields": {"category_name": "Jackets", "slug": "jackets", "description": "Jackets category", "cat_image": "photos/categories/jackets.jpg"}}, {"model": "category.category", "pk": 5, "fields": {"category_name": "Jeans", "slug": "jeans", "description": "This is jeans category", "cat_image": "photos/categories/jeans.jpg"}}, {"model": "accounts.account", "pk": 1, "fields": {"password": "pbkdf2_sha256$216000$VYZCPnIoEacw$te9wb3wzhaLt23zNFA9SAWRzeLZeQlkqkhfYsPMBSKQ=", "first_name": "Punith", "last_name": "AJ", "username": "Punith_Cart", "email": "Punith1097@gmail.com", "phone_number": "", "date_joined": "2021-09-10T09:57:39.678Z", "last_login": "2021-09-17T13:45:24.268Z", "is_admin": true, "is_staff": true, "is_active": true, "is_superadmin": true}}, {"model": "accounts.account", "pk": 2, "fields": {"password": "pbkdf2_sha256$216000$wFAKjvxfvd6e$OxHcWVye4FY4d5ftpac6vyflC+MFESQ3cOvggEhbm1s=", "first_name": "Pankaj", "last_name": "Sharma", "username": "pankajsharma", "email": "pankajsharma@gmail.com", "phone_number": "9876543210", "date_joined": "2021-09-12T15:09:20.256Z", "last_login": "2021-09-12T15:09:20.256Z", "is_admin": false, "is_staff": false, "is_active": false, "is_superadmin": false}}, {"model": "accounts.account", "pk": 3, "fields": {"password": "pbkdf2_sha256$216000$XcckdZL6DFL0$DWXRv4ywtDrd55AI+OMPNQkgLi5sFz+0VFnXoTBa83E=", "first_name": "Pankaj", "last_name": "Jacob", "username": "pankajjacob", "email": "pankajjacob@gmail.com", "phone_number": "9458932499", "date_joined": "2021-09-12T15:38:11.683Z", "last_login": "2021-09-12T15:38:11.683Z", "is_admin": false, "is_staff": false, "is_active": false, "is_superadmin": false}}, {"model": "accounts.account", "pk": 17, "fields": {"password": "pbkdf2_sha256$216000$yyT0qII4z94I$G/xbsOQI/nrr2CWw7fixuzXQ2b8X73T3VkygoLGoqTM=", "first_name": "Pankaj", "last_name": "Jaguar", "username": "pankajjaguar", "email": "pankajjaguar@gmail.com", "phone_number": "9876543211", "date_joined": "2021-09-13T07:02:52.966Z", "last_login": "2021-09-13T07:02:52.966Z", "is_admin": false, "is_staff": false, "is_active": false, "is_superadmin": false}}, {"model": "accounts.account", "pk": 21, "fields": {"password": "pbkdf2_sha256$216000$dnhM9sRMsCJD$syQIlEmB5H0O6lSWqfZO3re/PnygPVyCCuueDZA6l4Q=", "first_name": "Punith", "last_name": "Pankaj", "username": "punith88888888", "email": "punith88888888@gmail.com", "phone_number": "9538269859", "date_joined": "2021-09-13T09:06:23.406Z", "last_login": "2021-09-17T12:09:20.236Z", "is_admin": false, "is_staff": false, "is_active": true, "is_superadmin": false}}, {"model": "accounts.userprofile", "pk": 1, "fields": {"user": 21, "address_line_1": "#304, Vijayanagar 2nd stage,", "address_line_2": "19th main, KD Circle", "profile_picture": "userprofile/Dhoni_YZ5Skwk.png", "city": "mysore", "state": "karnataka", "country": "India"}}, {"model": "store.product", "pk": 1, "fields": {"product_name": "ATX Jeans", "slug": "atx-jeans", "description": "Lorem Ipsum is simply dummy text of the printing and typesetting industry. Lorem Ipsum has been the industry's standard dummy text ever since the 1500s jeans.", "price": 199, "images": "photos/products/ATX-Jeans.jpg", "stock": 72, "is_available": true, "category": 5, "created_date": "2021-09-10T12:38:50.140Z", "modified_date": "2021-09-16T15:12:45.839Z"}}, {"model": "store.product", "pk": 2, "fields": {"product_name": "RXN Blue Shirt", "slug": "rxn-blue-shirt", "description": "when an unknown printer took a galley of type and scrambled it to make a type specimen book. It has survived not only five centuries, but also the leap i", "price": 99, "images": "photos/products/Blue-Shirt.jpg", "stock": 200, "is_available": true, "category": 1, "created_date": "2021-09-10T12:40:08.614Z", "modified_date": "2021-09-10T12:40:08.614Z"}}, {"model": "store.product", "pk": 3, "fields": {"product_name": "Great Tshirt", "slug": "great-tshirt", "description": "centuries, but also the leap into electronic typesetting, remaining essentially unchanged. It was popularised in the 1960s with the release of Letraset sheets containing Lorem", "price": 119, "images": "photos/products/Great-Tshirt.jpg", "stock": 0, "is_available": true, "category": 2, "created_date": "2021-09-10T12:41:01.210Z", "modified_date": "2021-09-10T16:05:02.125Z"}}, {"model": "store.product", "pk": 4, "fields": {"product_name": "Jordan Basketball shoes", "slug": "jordan-basketball-shoes", "description": "Letraset sheets containing Lorem Ipsum passages, and more recently with desktop publishing software like Aldus PageMaker including versions of Lorem Ipsum.", "price": 999, "images": "photos/products/jordan-true-flight-basketball-shoes.jpg", "stock": 500, "is_available": true, "category": 3, "created_date": "2021-09-10T12:42:02.459Z", "modified_date": "2021-09-10T12:42:02.459Z"}}, {"model": "store.product", "pk": 5, "fields": {"product_name": "Mavi jeans", "slug": "mavi-jeans", "description": "It is a long established fact that a reader will be distracted by the readable content of a page when looking at its layout. The point of using Lorem Ipsum is that it has", "price": 499, "images": "photos/products/Mavi_jeans.jpg", "stock": 1000, "is_available": true, "category": 5, "created_date": "2021-09-10T12:42:50.823Z", "modified_date": "2021-09-10T12:42:50.823Z"}}, {"model": "store.product", "pk": 6, "fields": {"product_name": "Puma Ferrari Shoes", "slug": "puma-ferrari-shoes", "description": "it has a more-or-less normal distribution of letters, as opposed to using 'Content here, content here', making it look like readable English. Many desktop publishing packages and web page editors now use", "price": 1099, "images": "photos/products/Puma-Ferrari-Shoes.jpg", "stock": 500, "is_available": true, "category": 3, "created_date": "2021-09-10T12:43:41.353Z", "modified_date": "2021-09-10T12:43:41.353Z"}}, {"model": "store.product", "pk": 7, "fields": {"product_name": "US Polo Assn Jacket", "slug": "us-polo-assn-jacket", "description": "Lorem Ipsum as their default model text, and a search for 'lorem ipsum' will uncover many web sites still in their infancy. Various versions have", "price": 899, "images": "photos/products/US-Polo-Assn_Jacket.jpg", "stock": 300, "is_available": true, "category": 4, "created_date": "2021-09-10T12:44:30.644Z", "modified_date": "2021-09-10T12:44:30.644Z"}}, {"model": "store.product", "pk": 8, "fields": {"product_name": "Wrangler Shirt", "slug": "wrangler-shirt", "description": "'lorem ipsum' will uncover many web sites still in their infancy. Various versions have evolved over the years, sometimes by accident, sometimes on purpose (injected humour and the like).", "price": 699, "images": "photos/products/Wrangler-Shirt.jpg", "stock": 2000, "is_available": true, "category": 1, "created_date": "2021-09-10T12:45:22.139Z", "modified_date": "2021-09-10T12:45:22.139Z"}}, {"model": "store.variation", "pk": 1, "fields": {"product": 1, "variation_category": "colour", "variation_value": "white", "is_active": true, "created_date": "2021-09-12T07:28:47.403Z"}}, {"model": "store.variation", "pk": 2, "fields": {"product": 1, "variation_category": "colour", "variation_value": "Blue", "is_active": true, "created_date": "2021-09-12T07:07:49.509Z"}}, {"model": "store.variation", "pk": 3, "fields": {"product": 1, "variation_category": "colour", "variation_value": "Green", "is_active": true, "created_date": "2021-09-12T07:10:20.195Z"}}, {"model": "store.variation", "pk": 4, "fields": {"product": 1, "variation_category": "size", "variation_value": "small", "is_active": true, "created_date": "2021-09-12T07:40:26.493Z"}}, {"model": "store.variation", "pk": 5, "fields": {"product": 1, "variation_category": "size", "variation_value": "Medium", "is_active": true, "created_date": "2021-09-12T07:42:46.531Z"}}, {"model": "store.variation", "pk": 6, "fields": {"product": 1, "variation_category": "size", "variation_value": "large", "is_active": true, "created_date": "2021-09-12T07:42:57.986Z"}}, {"model": "store.variation", "pk": 7, "fields": {"product": 8, "variation_category": "colour", "variation_value": "white", "is_active": true, "created_date": "2021-09-13T16:25:59.137Z"}}, {"model": "store.variation", "pk": 9, "fields": {"product": 8, "variation_category": "colour", "variation_value": "Blue", "is_active": true, "created_date": "2021-09-13T16:38:39.477Z"}}, {"model": "store.variation", "pk": 11, "fields": {"product": 8, "variation_category": "size", "variation_value": "Medium", "is_active": true, "created_date": "2021-09-13T16:44:05.048Z"}}, {"model": "store.reviewrating", "pk": 1, "fields": {"product": 1, "user": 21, "subject": "TEST UPDATE", "review": "test review update", "rating": 4.0, "ip": "127.0.0.1", "status": true, "created_at": "2021-09-16T09:08:27.381Z", "updated_at": "2021-09-16T10:07:56.946Z"}}, {"model": "store.reviewrating", "pk": 2, "fields": {"product": 1, "user": 17, "subject": "TEST", "review": "jndvldsnvlksdmv", "rating": 5.0, "ip": "127.0.0.1", "status": true, "created_at": "2021-09-16T09:28:09.868Z", "updated_at": "2021-09-16T10:07:50.952Z"}}, {"model": "store.productgallery", "pk": 3, "fields": {"product": 1, "image": "store/products/ATX-1.jpg"}}, {"model": "store.productgallery", "pk": 4, "fields": {"product": 1, "image": "store/products/ATX-2.jpg"}}, {"model": "store.productgallery", "pk": 5, "fields": {"product": 1, "image": "store/products/ATX-3.jpg"}}, {"model": "carts.cart", "pk": 27, "fields": {"cart_id": "g1tk23o4ahnndeqa4phvbul6pjt2odad", "date_added": "2021-09-15T10:55:32.451Z"}}, {"model": "carts.cart", "pk": 28, "fields": {"cart_id": "12qu14a0p9nei0v6zz15h0xcx0dqw5er", "date_added": "2021-09-15T11:13:03.844Z"}}, {"model": "orders.payment", "pk": 4, "fields": {"user": 21, "payment_id": "9P9435921F7042225", "payment_method": "PayPal", "amount_paid": "608.94", "status": "COMPLETED", "created_at": "2021-09-15T10:59:42.448Z"}}, {"model": "orders.payment", "pk": 5, "fields": {"user": 21, "payment_id": "9DR66261FM8155609", "payment_method": "PayPal", "amount_paid": "608.94", "status": "COMPLETED", "created_at": "2021-09-15T11:03:32.756Z"}}, {"model": "orders.payment", "pk": 6, "fields": {"user": 21, "payment_id": "9F315342BF261664J", "payment_method": "PayPal", "amount_paid": "608.94", "status": "COMPLETED", "created_at": "2021-09-15T11:11:36.140Z"}}, {"model": "orders.payment", "pk": 7, "fields": {"user": 21, "payment_id": "28746451BD5519518", "payment_method": "PayPal", "amount_paid": "202.98", "status": "COMPLETED", "created_at": "2021-09-15T11:27:09.972Z"}}, {"model": "orders.payment", "pk": 8, "fields": {"user": 21, "payment_id": "2K629614EV753564X", "payment_method": "PayPal", "amount_paid": "202.98", "status": "COMPLETED", "created_at": "2021-09-15T11:36:13.064Z"}}, {"model": "orders.payment", "pk": 9, "fields": {"user": 21, "payment_id": "65W00042X1955812U", "payment_method": "PayPal", "amount_paid": "202.98", "status": "COMPLETED", "created_at": "2021-09-15T11:39:15.801Z"}}, {"model": "orders.payment", "pk": 10, "fields": {"user": 21, "payment_id": "2G7570916T775584P", "payment_method": "PayPal", "amount_paid": "608.94", "status": "COMPLETED", "created_at": "2021-09-15T16:07:48.139Z"}}, {"model": "orders.payment", "pk": 11, "fields": {"user": 21, "payment_id": "44R462807C1218505", "payment_method": "PayPal", "amount_paid": "202.98", "status": "COMPLETED", "created_at": "2021-09-15T17:05:35.716Z"}}, {"model": "orders.payment", "pk": 12, "fields": {"user": 21, "payment_id": "38C51732RG3319609", "payment_method": "PayPal", "amount_paid": "202.98", "status": "COMPLETED", "created_at": "2021-09-15T17:19:59.028Z"}}, {"model": "orders.payment", "pk": 13, "fields": {"user": 21, "payment_id": "1KJ61660TX7101301", "payment_method": "PayPal", "amount_paid": "608.94", "status": "COMPLETED", "created_at": "2021-09-15T17:35:45.964Z"}}, {"model": "orders.payment", "pk": 14, "fields": {"user": 21, "payment_id": "5J413629HM222103K", "payment_method": "PayPal", "amount_paid": "1623.84", "status": "COMPLETED", "created_at": "2021-09-16T14:30:40.220Z"}}, {"model": "orders.order", "pk": 59, "fields": {"user": 21, "payment": 4, "order_number": "2021091559", "first_name": "Punith", "last_name": "Jaguar", "phone": "9538269859", "email": "punith88888888@gmail.com", "address_line_1": "Vijayanagar 2nd stage", "address_line_2": "KD Circle", "country": "india", "state": "karnataka", "city": "mysore", "order_note": "test note", "order_total": 608.94, "tax": 11.94, "status": "New", "ip": "127.0.0.1", "is_ordered": true, "created_at": "2021-09-15T10:59:11.908Z", "updated_at": "2021-09-15T10:59:42.637Z"}}, {"model": "orders.order", "pk": 60, "fields": {"user": 21, "payment": 5, "order_number": "2021091560", "first_name": "Punith", "last_name": "Jaguar", "phone": "9538269859", "email": "punith88888888@gmail.com", "address_line_1": "Vijayanagar 2nd stage", "address_line_2": "KD Circle", "country": "india", "state": "karnataka", "city": "mysore", "order_note": "test note", "order_total": 608.94, "tax": 11.94, "status": "New", "ip": "127.0.0.1", "is_ordered": true, "created_at": "2021-09-15T11:03:01.399Z", "updated_at": "2021-09-15T11:03:32.947Z"}}, {"model": "orders.order", "pk": 61, "fields": {"user": 21, "payment": 6, "order_number": "2021091561", "first_name": "Punith", "last_name": "Jaguar", "phone": "9538269859", "email": "punith88888888@gmail.com", "address_line_1": "Vijayanagar 2nd stage", "address_line_2": "KD Circle", "country": "india", "state": "karnataka", "city": "mysore", "order_note": "Test Note", "order_total": 608.94, "tax": 11.94, "status": "New", "ip": "127.0.0.1", "is_ordered": true, "created_at": "2021-09-15T11:11:15.575Z", "updated_at": "2021-09-15T11:11:36.357Z"}}, {"model": "orders.order", "pk": 62, "fields": {"user": 21, "payment": null, "order_number": "2021091562", "first_name": "Punith", "last_name": "Jaguar", "phone": "9538269859", "email": "punith88888888@gmail.com", "address_line_1": "Vijayanagar 2nd stage", "address_line_2": "KD Circle", "country": "india", "state": "karnataka", "city": "mysore", "order_note": "test note", "order_total": 202.98, "tax": 3.98, "status": "New", "ip": "127.0.0.1", "is_ordered": false, "created_at": "2021-09-15T11:24:22.876Z", "updated_at": "2021-09-15T11:24:23.364Z"}}, {"model": "orders.order", "pk": 63, "fields": {"user": 21, "payment": null, "order_number": "2021091563", "first_name": "Punith", "last_name": "Jaguar", "phone": "9538269859", "email": "punith88888888@gmail.com", "address_line_1": "Vijayanagar 2nd stage", "address_line_2": "KD Circle", "country": "india", "state": "karnataka", "city": "mysore", "order_note": "test note", "order_total": 202.98, "tax": 3.98, "status": "New", "ip": "127.0.0.1", "is_ordered": false, "created_at": "2021-09-15T11:25:18.405Z", "updated_at": "2021-09-15T11:25:18.588Z"}}, {"model": "orders.order", "pk": 64, "fields": {"user": 21, "payment": 7, "order_number": "2021091564", "first_name": "Punith", "last_name": "Jaguar", "phone": "9538269859", "email": "punith88888888@gmail.com", "address_line_1": "Vijayanagar 2nd stage", "address_line_2": "KD Circle", "country": "india", "state": "karnataka", "city": "mysore", "order_note": "test note", "order_total": 202.98, "tax": 3.98, "status": "New", "ip": "127.0.0.1", "is_ordered": true, "created_at": "2021-09-15T11:26:24.392Z", "updated_at": "2021-09-15T11:27:10.159Z"}}, {"model": "orders.order", "pk": 65, "fields": {"user": 21, "payment": null, "order_number": "2021091565", "first_name": "Punith", "last_name": "Jaguar", "phone": "9538269859", "email": "punith88888888@gmail.com", "address_line_1": "Vijayanagar 2nd stage", "address_line_2": "KD Circle", "country": "india", "state": "karnataka", "city": "mysore", "order_note": "", "order_total": 202.98, "tax": 3.98, "status": "New", "ip": "127.0.0.1", "is_ordered": false, "created_at": "2021-09-15T11:31:21.352Z", "updated_at": "2021-09-15T11:31:21.710Z"}}, {"model": "orders.order", "pk": 66, "fields": {"user": 21, "payment": null, "order_number": "2021091566", "first_name": "Punith", "last_name": "Jaguar", "phone": "9538269859", "email": "punith88888888@gmail.com", "address_line_1": "Vijayanagar 2nd stage", "address_line_2": "KD Circle", "country": "india", "state": "karnataka", "city": "mysore", "order_note": "", "order_total": 202.98, "tax": 3.98, "status": "New", "ip": "127.0.0.1", "is_ordered": false, "created_at": "2021-09-15T11:31:54.373Z", "updated_at": "2021-09-15T11:31:54.573Z"}}, {"model": "orders.order", "pk": 67, "fields": {"user": 21, "payment": null, "order_number": "2021091567", "first_name": "Punith", "last_name": "Jaguar", "phone": "9538269859", "email": "punith88888888@gmail.com", "address_line_1": "Vijayanagar 2nd stage", "address_line_2": "KD Circle", "country": "india", "state": "karnataka", "city": "mysore", "order_note": "", "order_total": 202.98, "tax": 3.98, "status": "New", "ip": "127.0.0.1", "is_ordered": false, "created_at": "2021-09-15T11:32:24.260Z", "updated_at": "2021-09-15T11:32:24.471Z"}}, {"model": "orders.order", "pk": 68, "fields": {"user": 21, "payment": null, "order_number": "2021091568", "first_name": "Punith", "last_name": "Jaguar", "phone": "9538269859", "email": "punith88888888@gmail.com", "address_line_1": "Vijayanagar 2nd stage", "address_line_2": "KD Circle", "country": "india", "state": "karnataka", "city": "mysore", "order_note": "", "order_total": 202.98, "tax": 3.98, "status": "New", "ip": "127.0.0.1", "is_ordered": false, "created_at": "2021-09-15T11:32:41.277Z", "updated_at": "2021-09-15T11:32:41.477Z"}}, {"model": "orders.order", "pk": 69, "fields": {"user": 21, "payment": 8, "order_number": "2021091569", "first_name": "Punith", "last_name": "Jaguar", "phone": "9538269859", "email": "punith88888888@gmail.com", "address_line_1": "Vijayanagar 2nd stage", "address_line_2": "KD Circle", "country": "india", "state": "karnataka", "city": "mysore", "order_note": "", "order_total": 202.98, "tax": 3.98, "status": "New", "ip": "127.0.0.1", "is_ordered": true, "created_at": "2021-09-15T11:35:09.651Z", "updated_at": "2021-09-15T11:36:13.255Z"}}, {"model": "orders.order", "pk": 70, "fields": {"user": 21, "payment": 9, "order_number": "2021091570", "first_name": "Punith", "last_name": "Jaguar", "phone": "9538269859", "email": "punith88888888@gmail.com", "address_line_1": "Vijayanagar 2nd stage", "address_line_2": "KD Circle", "country": "india", "state": "karnataka", "city": "mysore", "order_note": "", "order_total": 202.98, "tax": 3.98, "status": "New", "ip": "127.0.0.1", "is_ordered": true, "created_at": "2021-09-15T11:38:45.868Z", "updated_at": "2021-09-15T11:39:16.007Z"}}, {"model": "orders.order", "pk": 71, "fields": {"user": 21, "payment": null, "order_number": "2021091571", "first_name": "Punith", "last_name": "Jaguar", "phone": "9538269859", "email": "punith88888888@gmail.com", "address_line_1": "Vijayanagar 2nd stage", "address_line_2": "KD Circle", "country": "india", "state": "karnataka", "city": "mysore", "order_note": "Test Note", "order_total": 608.94, "tax": 11.94, "status": "New", "ip": "127.0.0.1", "is_ordered": false, "created_at": "2021-09-15T15:58:53.430Z", "updated_at": "2021-09-15T15:58:53.786Z"}}, {"model": "orders.order", "pk": 72, "fields": {"user": 21, "payment": null, "order_number": "2021091572", "first_name": "Punith", "last_name": "Jaguar", "phone": "9538269859", "email": "punith88888888@gmail.com", "address_line_1": "Vijayanagar 2nd stage", "address_line_2": "KD Circle", "country": "india", "state": "karnataka", "city": "mysore", "order_note": "Test Note", "order_total": 608.94, "tax": 11.94, "status": "New", "ip": "127.0.0.1", "is_ordered": false, "created_at": "2021-09-15T16:06:23.459Z", "updated_at": "2021-09-15T16:06:23.719Z"}}, {"model": "orders.order", "pk": 73, "fields": {"user": 21, "payment": 10, "order_number": "2021091573", "first_name": "Punith", "last_name": "Jaguar", "phone": "9538269859", "email": "punith88888888@gmail.com", "address_line_1": "Vijayanagar 2nd stage", "address_line_2": "KD Circle", "country": "india", "state": "karnataka", "city": "mysore", "order_note": "Test Note", "order_total": 608.94, "tax": 11.94, "status": "New", "ip": "127.0.0.1", "is_ordered": true, "created_at": "2021-09-15T16:06:52.862Z", "updated_at": "2021-09-15T16:07:48.387Z"}}, {"model": "orders.order", "pk": 74, "fields": {"user": 21, "payment": 11, "order_number": "2021091574", "first_name": "Punith", "last_name": "Jaguar", "phone": "9538269859", "email": "punith88888888@gmail.com", "address_line_1": "Vijayanagar 2nd stage", "address_line_2": "KD Circle", "country": "india", "state": "karnataka", "city": "mysore", "order_note": "", "order_total": 202.98, "tax": 3.98, "status": "New", "ip": "127.0.0.1", "is_ordered": true, "created_at": "2021-09-15T17:05:11.251Z", "updated_at": "2021-09-15T17:05:35.888Z"}}, {"model": "orders.order", "pk": 75, "fields": {"user": 21, "payment": 12, "order_number": "2021091575", "first_name": "Punith", "last_name": "Jaguar", "phone": "9538269859", "email": "punith88888888@gmail.com", "address_line_1": "Vijayanagar 2nd stage", "address_line_2": "KD Circle", "country": "india", "state": "karnataka", "city": "mysore", "order_note": "", "order_total": 202.98, "tax": 3.98, "status": "New", "ip": "127.0.0.1", "is_ordered": true, "created_at": "2021-09-15T17:19:42.503Z", "updated_at": "2021-09-15T17:19:59.193Z"}}, {"model": "orders.order", "pk": 76, "fields": {"user": 21, "payment": 13, "order_number": "2021091576", "first_name": "Punith", "last_name": "Jaguar", "phone": "9538269859", "email": "punith88888888@gmail.com", "address_line_1": "Vijayanagar 2nd stage", "address_line_2": "KD Circle", "country": "india", "state": "karnataka", "city": "mysore", "order_note": "", "order_total": 608.94, "tax": 11.94, "status": "New", "ip": "127.0.0.1", "is_ordered": true, "created_at": "2021-09-15T17:35:12.267Z", "updated_at": "2021-09-15T17:35:46.160Z"}}, {"model": "orders.order", "pk": 77, "fields": {"user": 21, "payment": 14, "order_number": "2021091677", "first_name": "Pankaj", "last_name": "Sharma", "phone": "9538269859", "email": "punith88888888@gmail.com", "address_line_1": "Vijayanagar 2nd stage", "address_line_2": "KD Circle", "country": "india", "state": "karnataka", "city": "mysore", "order_note": "Test Note", "order_total": 1623.84, "tax": 31.84, "status": "New", "ip": "127.0.0.1", "is_ordered": true, "created_at": "2021-09-16T14:30:01.164Z", "updated_at": "2021-09-16T14:30:40.443Z"}}, {"model": "orders.orderproduct", "pk": 7, "fields": {"order": 59, "payment": 4, "user": 21, "product": 1, "quantity": 2, "product_price": 199.0, "ordered": true, "created_at": "2021-09-15T10:59:42.881Z", "updated_at": "2021-09-15T10:59:43.689Z", "variations": [1, 5]}}, {"model": "orders.orderproduct", "pk": 8, "fields": {"order": 59, "payment": 4, "user": 21, "product": 1, "quantity": 1, "product_price": 199.0, "ordered": true, "created_at": "2021-09-15T10:59:44.238Z", "updated_at": "2021-09-15T10:59:44.591Z", "variations": [2, 6]}}, {"model": "orders.orderproduct", "pk": 9, "fields": {"order": 60, "payment": 5, "user": 21, "product": 1, "quantity": 2, "product_price": 199.0, "ordered": true, "created_at": "2021-09-15T11:03:33.144Z", "updated_at": "2021-09-15T11:03:33.793Z", "variations": [1, 5]}}, {"model": "orders.orderproduct", "pk": 10, "fields": {"order": 60, "payment": 5, "user": 21, "product": 1, "quantity": 1, "product_price": 199.0, "ordered": true, "created_at": "2021-09-15T11:03:34.338Z", "updated_at": "2021-09-15T11:03:35.058Z", "variations": [2, 6]}}, {"model": "orders.orderproduct", "pk": 11, "fields": {"order": 61, "payment": 6, "user": 21, "product": 1, "quantity": 2, "product_price": 199.0, "ordered": true, "created_at": "2021-09-15T11:11:36.553Z", "updated_at": "2021-09-15T11:11:37.092Z", "variations": [2, 5]}}, {"model": "orders.orderproduct", "pk": 12, "fields": {"order": 61, "payment": 6, "user": 21, "product": 1, "quantity": 1, "product_price": 199.0, "ordered": true, "created_at": "2021-09-15T11:11:37.707Z", "updated_at": "2021-09-15T11:11:38.102Z", "variations": [3, 5]}}, {"model": "orders.orderproduct", "pk": 13, "fields": {"order": 64, "payment": 7, "user": 21, "product": 1, "quantity": 1, "product_price": 199.0, "ordered": true, "created_at": "2021-09-15T11:27:10.346Z", "updated_at": "2021-09-15T11:27:10.771Z", "variations": [2, 5]}}, {"model": "orders.orderproduct", "pk": 14, "fields": {"order": 69, "payment": 8, "user": 21, "product": 1, "quantity": 1, "product_price": 199.0, "ordered": true, "created_at": "2021-09-15T11:36:13.483Z", "updated_at": "2021-09-15T11:36:14.029Z", "variations": [1, 4]}}, {"model": "orders.orderproduct", "pk": 15, "fields": {"order": 70, "payment": 9, "user": 21, "product": 1, "quantity": 1, "product_price": 199.0, "ordered": true, "created_at": "2021-09-15T11:39:16.178Z", "updated_at": "2021-09-15T11:39:16.663Z", "variations": [3, 6]}}, {"model": "orders.orderproduct", "pk": 16, "fields": {"order": 73, "payment": 10, "user": 21, "product": 1, "quantity": 2, "product_price": 199.0, "ordered": true, "created_at": "2021-09-15T16:07:48.588Z", "updated_at": "2021-09-15T16:07:49.012Z", "variations": [1, 6]}}, {"model": "orders.orderproduct", "pk": 17, "fields": {"order": 73, "payment": 10, "user": 21, "product": 1, "quantity": 1, "product_price": 199.0, "ordered": true, "created_at": "2021-09-15T16:07:49.407Z", "updated_at": "2021-09-15T16:07:49.954Z", "variations": [2, 6]}}, {"model": "orders.orderproduct", "pk": 18, "fields": {"order": 74, "payment": 11, "user": 21, "product": 1, "quantity": 1, "product_price": 199.0, "ordered": true, "created_at": "2021-09-15T17:05:36.144Z", "updated_at": "2021-09-15T17:05:36.588Z", "variations": [1, 5]}}, {"model": "orders.orderproduct", "pk": 19, "fields": {"order": 75, "payment": 12, "user": 21, "product": 1, "quantity": 1, "product_price": 199.0, "ordered": true, "created_at": "2021-09-15T17:19:59.385Z", "updated_at": "2021-09-15T17:19:59.769Z", "variations": [2, 6]}}, {"model": "orders.orderproduct", "pk": 20, "fields": {"order": 76, "payment": 13, "user": 21, "product": 1, "quantity": 2, "product_price": 199.0, "ordered": true, "created_at": "2021-09-15T17:35:46.349Z", "updated_at": "2021-09-15T17:35:46.772Z", "variations": [2, 4]}}, {"model": "orders.orderproduct", "pk": 21, "fields": {"order": 76, "payment": 13, "user": 21, "product": 1, "quantity": 1, "product_price": 199.0, "ordered": true, "created_at": "2021-09-15T17:35:47.166Z", "updated_at": "2021-09-15T17:35:47.742Z", "variations": [1, 5]}}, {"model": "orders.orderproduct", "pk": 22, "fields": {"order": 77, "payment": 14, "user": 21, "product": 1, "quantity": 5, "product_price": 199.0, "ordered": true, "created_at": "2021-09-16T14:30:40.694Z", "updated_at": "2021-09-16T14:30:41.169Z", "variations": [2, 6]}}, {"model": "orders.orderproduct", "pk": 23, "fields": {"order": 77, "payment": 14, "user": 21, "product": 1, "quantity": 3, "product_price": 199.0, "ordered": true, "created_at": "2021-09-16T14:30:41.476Z", "updated_at": "2021-09-16T14:30:41.822Z", "variations": [1, 5]}}, {"model": "admin_honeypot.loginattempt", "pk": 1, "fields": {"username": "Punith1097@gmail.com", "ip_address": "127.0.0.1", "session_key": "kzr3avml49w37ngyb0v4h0wid5b3ko7m", "user_agent": "Mozilla/5.0 (Windows NT 10.0; Win64; x64) AppleWebKit/537.36 (KHTML, like Gecko) Chrome/93.0.4577.63 Safari/537.36", "timestamp": "2021-09-16T16:15:29.274Z", "path": "/admin/login/?next=/admin/"}}]